{
  "activation_shape": [
    1,
    64,
    47,
    47
  ],
  "gradient_shape": [
    1,
    64,
    47,
    47
  ],
  "cam_min": 0.0,
  "cam_max": 1.0,
  "cam_mean": 0.1972048282623291,
  "cam_std": 0.18001200258731842
}