{
  "activation_shape": [
    1,
    40,
    95,
    95
  ],
  "gradient_shape": [
    1,
    40,
    95,
    95
  ],
  "cam_min": 0.0,
  "cam_max": 1.0,
  "cam_mean": 0.16784705221652985,
  "cam_std": 0.11062156409025192
}