{
  "logits": [
    -3.7542495727539062,
    3.5913901329040527
  ],
  "probabilities": [
    0.0006449840730056167,
    0.9993550181388855
  ],
  "prediction": "fake",
  "confidence": 0.9993550181388855
}