{
  "logits": [
    2.641545057296753,
    -2.703242540359497
  ],
  "probabilities": [
    0.9952496290206909,
    0.00475029181689024
  ],
  "prediction": "real",
  "confidence": 0.9952496290206909
}