{
  "activation_shape": [
    1,
    512,
    12,
    12
  ],
  "gradient_shape": [
    1,
    512,
    12,
    12
  ],
  "cam_min": 0.0,
  "cam_max": 1.0,
  "cam_mean": 0.06949705630540848,
  "cam_std": 0.17568035423755646
}