{
  "activation_shape": [
    1,
    176,
    24,
    24
  ],
  "gradient_shape": [
    1,
    176,
    24,
    24
  ],
  "cam_min": 0.0,
  "cam_max": 1.0,
  "cam_mean": 0.1866578310728073,
  "cam_std": 0.19639244675636292
}