{
  "activation_shape": [
    1,
    176,
    24,
    24
  ],
  "gradient_shape": [
    1,
    176,
    24,
    24
  ],
  "cam_min": 0.0,
  "cam_max": 1.0,
  "cam_mean": 0.1593797504901886,
  "cam_std": 0.17313848435878754
}