{
  "activation_shape": [
    1,
    176,
    24,
    24
  ],
  "gradient_shape": [
    1,
    176,
    24,
    24
  ],
  "cam_min": 0.0,
  "cam_max": 1.0,
  "cam_mean": 0.07932829111814499,
  "cam_std": 0.15081220865249634
}