{
  "activation_shape": [
    1,
    304,
    12,
    12
  ],
  "gradient_shape": [
    1,
    304,
    12,
    12
  ],
  "cam_min": 0.0,
  "cam_max": 1.0,
  "cam_mean": 0.14392518997192383,
  "cam_std": 0.2089812159538269
}