{
  "activation_shape": [
    1,
    24,
    190,
    190
  ],
  "gradient_shape": [
    1,
    24,
    190,
    190
  ],
  "cam_min": 0.0,
  "cam_max": 1.0,
  "cam_mean": 0.23111492395401,
  "cam_std": 0.11626853048801422
}