{
  "activation_shape": [
    1,
    24,
    190,
    190
  ],
  "gradient_shape": [
    1,
    24,
    190,
    190
  ],
  "cam_min": 0.0,
  "cam_max": 1.0,
  "cam_mean": 0.13384580612182617,
  "cam_std": 0.14068040251731873
}