{
  "activation_shape": [
    1,
    48,
    190,
    190
  ],
  "gradient_shape": [
    1,
    48,
    190,
    190
  ],
  "cam_min": 0.0,
  "cam_max": 1.0,
  "cam_mean": 0.08757773041725159,
  "cam_std": 0.1137043833732605
}