{
  "activation_shape": [
    1,
    512,
    12,
    12
  ],
  "gradient_shape": [
    1,
    512,
    12,
    12
  ],
  "cam_min": 0.0,
  "cam_max": 1.0,
  "cam_mean": 0.12363388389348984,
  "cam_std": 0.22691619396209717
}