{
  "activation_shape": [
    1,
    2048,
    12,
    12
  ],
  "gradient_shape": [
    1,
    2048,
    12,
    12
  ],
  "cam_min": 0.0,
  "cam_max": 1.0,
  "cam_mean": 0.19939282536506653,
  "cam_std": 0.20224560797214508
}