{
  "activation_shape": [
    1,
    2048
  ],
  "gradient_shape": [
    1,
    2048
  ],
  "cam_min": 0.0,
  "cam_max": 1.0,
  "cam_mean": 0.5698261857032776,
  "cam_std": 0.054955191910266876
}