{
  "activation_shape": [
    1,
    64,
    47,
    47
  ],
  "gradient_shape": [
    1,
    64,
    47,
    47
  ],
  "cam_min": 0.0,
  "cam_max": 1.0,
  "cam_mean": 0.2491832822561264,
  "cam_std": 0.18142594397068024
}