{
  "activation_shape": [
    1,
    2048
  ],
  "gradient_shape": [
    1,
    2048
  ],
  "cam_min": 0.0,
  "cam_max": 1.0,
  "cam_mean": 0.70201575756073,
  "cam_std": 0.06248757243156433
}