{
  "logits": [
    2.6994705200195312,
    -2.510457992553711
  ],
  "probabilities": [
    0.9945676326751709,
    0.005432392004877329
  ],
  "prediction": "real",
  "confidence": 0.9945676326751709
}