{
  "activation_shape": [
    1,
    128,
    24,
    24
  ],
  "gradient_shape": [
    1,
    128,
    24,
    24
  ],
  "cam_min": 0.0,
  "cam_max": 1.0,
  "cam_mean": 0.22724400460720062,
  "cam_std": 0.2540099620819092
}