{
  "activation_shape": [
    1,
    176,
    24,
    24
  ],
  "gradient_shape": [
    1,
    176,
    24,
    24
  ],
  "cam_min": 0.0,
  "cam_max": 1.0,
  "cam_mean": 0.09021744132041931,
  "cam_std": 0.12718690931797028
}