{
  "activation_shape": [
    1,
    48,
    190,
    190
  ],
  "gradient_shape": [
    1,
    48,
    190,
    190
  ],
  "cam_min": 0.0,
  "cam_max": 1.0,
  "cam_mean": 0.18827369809150696,
  "cam_std": 0.12044735997915268
}