{
  "activation_shape": [
    1,
    128,
    24,
    24
  ],
  "gradient_shape": [
    1,
    128,
    24,
    24
  ],
  "cam_min": 0.0,
  "cam_max": 1.0,
  "cam_mean": 0.16887934505939484,
  "cam_std": 0.20195357501506805
}