{
  "logits": [
    -4.763512134552002,
    4.615484714508057
  ],
  "probabilities": [
    8.447276923106983e-05,
    0.9999154806137085
  ],
  "prediction": "fake",
  "confidence": 0.9999154806137085
}