{
  "logits": [
    -0.887061357498169,
    0.9705662131309509
  ],
  "probabilities": [
    0.13497981429100037,
    0.865020215511322
  ],
  "prediction": "fake",
  "confidence": 0.865020215511322
}