{
  "activation_shape": [
    1,
    512,
    12,
    12
  ],
  "gradient_shape": [
    1,
    512,
    12,
    12
  ],
  "cam_min": 0.0,
  "cam_max": 1.0,
  "cam_mean": 0.13516685366630554,
  "cam_std": 0.19240079820156097
}