{
  "logits": [
    -1.3665986061096191,
    1.401398777961731
  ],
  "probabilities": [
    0.05907824635505676,
    0.9409217238426208
  ],
  "prediction": "fake",
  "confidence": 0.9409217238426208
}