{
  "activation_shape": [
    1,
    128,
    24,
    24
  ],
  "gradient_shape": [
    1,
    128,
    24,
    24
  ],
  "cam_min": 0.0,
  "cam_max": 1.0,
  "cam_mean": 0.12658831477165222,
  "cam_std": 0.18857702612876892
}