{
  "logits": [
    -4.647324085235596,
    4.492074489593506
  ],
  "probabilities": [
    0.00010734034003689885,
    0.9998925924301147
  ],
  "prediction": "fake",
  "confidence": 0.9998925924301147
}