{
  "logits": [
    1.8267455101013184,
    -1.804017186164856
  ],
  "probabilities": [
    0.974187970161438,
    0.0258120559155941
  ],
  "prediction": "real",
  "confidence": 0.974187970161438
}