{
  "activation_shape": [
    1,
    304,
    12,
    12
  ],
  "gradient_shape": [
    1,
    304,
    12,
    12
  ],
  "cam_min": 0.0,
  "cam_max": 1.0,
  "cam_mean": 0.224238321185112,
  "cam_std": 0.25774577260017395
}