{
  "activation_shape": [
    1,
    2048
  ],
  "gradient_shape": [
    1,
    2048
  ],
  "cam_min": 0.0,
  "cam_max": 1.0,
  "cam_mean": 0.35766294598579407,
  "cam_std": 0.07497823238372803
}