{
  "activation_shape": [
    1,
    2048,
    12,
    12
  ],
  "gradient_shape": [
    1,
    2048,
    12,
    12
  ],
  "cam_min": 0.0,
  "cam_max": 1.0,
  "cam_mean": 0.1380542665719986,
  "cam_std": 0.21802672743797302
}