{
  "activation_shape": [
    1,
    2048,
    12,
    12
  ],
  "gradient_shape": [
    1,
    2048,
    12,
    12
  ],
  "cam_min": 0.0,
  "cam_max": 1.0,
  "cam_mean": 0.22977963089942932,
  "cam_std": 0.2592405378818512
}