{
  "activation_shape": [
    1,
    176,
    24,
    24
  ],
  "gradient_shape": [
    1,
    176,
    24,
    24
  ],
  "cam_min": 0.0,
  "cam_max": 1.0,
  "cam_mean": 0.13464921712875366,
  "cam_std": 0.16919754445552826
}