{
  "activation_shape": [
    1,
    24,
    190,
    190
  ],
  "gradient_shape": [
    1,
    24,
    190,
    190
  ],
  "cam_min": 0.0,
  "cam_max": 1.0,
  "cam_mean": 0.19203594326972961,
  "cam_std": 0.17541860044002533
}